org_code,org_name,region,first_period,last_period,region_short
RCF,AIREDALE NHS FOUNDATION TRUST,NHS ENGLAND NORTH EAST AND YORKSHIRE,2021-01-01,2026-09-01,North East and Yorkshire
RBS,ALDER HEY CHILDREN'S NHS FOUNDATION TRUST,NHS ENGLAND NORTH WEST,2021-01-01,2026-09-01,North West
RTK,ASHFORD AND ST PETER'S HOSPITALS NHS FOUNDATION TRUST,NHS ENGLAND SOUTH EAST,2021-01-01,2026-09-01,South East
NTV0B,ASHFORD WALK-IN-CENTRE,NHS ENGLAND SOUTH EAST,2021-01-01,2026-09-01,South East
NQT10,ASSURA READING LLP,NHS ENGLAND SOUTH EAST,2021-01-01,2023-03-01,South East
NL7,ASSURA VERTIS URGENT CARE CENTRES (BIRMINGHAM),NHS ENGLAND MIDLANDS,2021-01-01,2026-03-01,Midlands
8J094,BADGER LTD,NHS ENGLAND MIDLANDS,2021-01-01,2026-03-01,Midlands
G0Q0L,BARKING HOSPITAL UTC,NHS ENGLAND LONDON,2023-04-01,2026-09-01,London
RF4,"BARKING, HAVERING AND REDBRIDGE UNIVERSITY HOSPITALS NHS TRUST",NHS ENGLAND LONDON,2021-01-01,2026-09-01,London
RFF,BARNSLEY HOSPITAL NHS FOUNDATION TRUST,NHS ENGLAND NORTH EAST AND YORKSHIRE,2021-01-01,2026-09-01,North East and Yorkshire
R1H,BARTS HEALTH NHS TRUST,NHS ENGLAND LONDON,2021-01-01,2026-09-01,London
AD913,BECKENHAM BEACON UCC,NHS ENGLAND LONDON,2021-01-01,2026-09-01,London
RC9,BEDFORDSHIRE HOSPITALS NHS FOUNDATION TRUST,NHS ENGLAND EAST OF ENGLAND,2021-01-01,2026-09-01,East of England
RWX,BERKSHIRE HEALTHCARE NHS FOUNDATION TRUST,NHS ENGLAND SOUTH EAST,2021-01-01,2026-09-01,South East
M85813,BIRMINGHAM WIC,NHS ENGLAND MIDLANDS,2021-01-01,2022-03-01,Midlands
RQ3,BIRMINGHAM WOMEN'S AND CHILDREN'S NHS FOUNDATION TRUST,NHS ENGLAND MIDLANDS,2021-01-01,2026-09-01,Midlands
RXL,BLACKPOOL TEACHING HOSPITALS NHS FOUNDATION TRUST,NHS ENGLAND NORTH WEST,2021-01-01,2026-09-01,North West
RMC,BOLTON NHS FOUNDATION TRUST,NHS ENGLAND NORTH WEST,2021-01-01,2026-09-01,North West
Y04538,BRACKNELL URGENT CARE CENTRE WIC,NHS ENGLAND SOUTH EAST,2021-01-01,2024-01-01,South East
RAE,BRADFORD TEACHING HOSPITALS NHS FOUNDATION TRUST,NHS ENGLAND NORTH EAST AND YORKSHIRE,2021-01-01,2026-09-01,North East and Yorkshire
NNF09,BRANSHOLME HEALTH CENTRE,NHS ENGLAND NORTH EAST AND YORKSHIRE,2021-01-01,2026-09-01,North East and Yorkshire
RY2,BRIDGEWATER COMMUNITY HEALTHCARE NHS FOUNDATION TRUST,NHS ENGLAND NORTH WEST,2021-01-01,2026-03-01,North West
NNF16,BRIDLINGTON HOSPITAL,NHS ENGLAND NORTH EAST AND YORKSHIRE,2024-07-01,2026-09-01,North East and Yorkshire
RXH,BRIGHTON AND SUSSEX UNIVERSITY HOSPITALS NHS TRUST,NHS ENGLAND SOUTH EAST,2021-01-01,2021-03-01,South East
Y02676,BRIGHTON STATION HEALTH CENTRE,NHS ENGLAND SOUTH EAST,2021-01-01,2026-09-01,South East
RA7,BRISTOL NHS FOUNDATION TRUST,NHS ENGLAND SOUTH WEST,2021-01-01,2026-09-01,South West
RXQ,BUCKINGHAMSHIRE HEALTHCARE NHS TRUST,NHS ENGLAND SOUTH EAST,2021-01-01,2026-09-01,South East
RWY,CALDERDALE AND HUDDERSFIELD NHS FOUNDATION TRUST,NHS ENGLAND NORTH EAST AND YORKSHIRE,2021-01-01,2026-09-01,North East and Yorkshire
RGT,CAMBRIDGE UNIVERSITY HOSPITALS NHS FOUNDATION TRUST,NHS ENGLAND EAST OF ENGLAND,2021-01-01,2026-09-01,East of England
RYX,CENTRAL LONDON COMMUNITY HEALTHCARE NHS TRUST,NHS ENGLAND LONDON,2021-01-01,2026-09-01,London
RQM,CHELSEA AND WESTMINSTER HOSPITAL NHS FOUNDATION TRUST,NHS ENGLAND LONDON,2021-01-01,2026-09-01,London
RFS,CHESTERFIELD ROYAL HOSPITAL NHS FOUNDATION TRUST,NHS ENGLAND MIDLANDS,2021-01-01,2026-09-01,Midlands
NQT1I,CHIPPENHAM COMMUNITY HOSPITAL,NHS ENGLAND SOUTH WEST,2025-05-01,2026-09-01,South West
NQ108,CLACTON HOSPITAL,NHS ENGLAND EAST OF ENGLAND,2021-01-01,2021-08-01,East of England
Y03571,CORBY URGENT CARE CENTRE,NHS ENGLAND MIDLANDS,2021-01-01,2024-02-01,Midlands
RJ8,CORNWALL PARTNERSHIP NHS FOUNDATION TRUST,NHS ENGLAND SOUTH WEST,2021-01-01,2026-09-01,South West
RJR,COUNTESS OF CHESTER HOSPITAL NHS FOUNDATION TRUST,NHS ENGLAND NORTH WEST,2021-01-01,2026-09-01,North West
RXP,COUNTY DURHAM AND DARLINGTON NHS FOUNDATION TRUST,NHS ENGLAND NORTH EAST AND YORKSHIRE,2021-01-01,2026-09-01,North East and Yorkshire
RYG,COVENTRY AND WARWICKSHIRE PARTNERSHIP NHS TRUST,NHS ENGLAND MIDLANDS,2021-01-01,2026-09-01,Midlands
RJ6,CROYDON HEALTH SERVICES NHS TRUST,NHS ENGLAND LONDON,2021-01-01,2026-09-01,London
RN7,DARTFORD AND GRAVESHAM NHS TRUST,NHS ENGLAND SOUTH EAST,2021-01-01,2026-09-01,South East
RY8,DERBYSHIRE COMMUNITY HEALTH SERVICES NHS FOUNDATION TRUST,NHS ENGLAND MIDLANDS,2021-01-01,2026-09-01,Midlands
NNJ,DHU HEALTH CARE C.I.C,NHS ENGLAND MIDLANDS,2021-01-01,2026-09-01,Midlands
RP5,DONCASTER AND BASSETLAW TEACHING HOSPITALS NHS FOUNDATION TRUST,NHS ENGLAND NORTH EAST AND YORKSHIRE,2021-01-01,2026-09-01,North East and Yorkshire
RBD,DORSET COUNTY HOSPITAL NHS FOUNDATION TRUST,NHS ENGLAND SOUTH WEST,2021-01-01,2026-09-01,South West
RDY,DORSET HEALTHCARE UNIVERSITY NHS FOUNDATION TRUST,NHS ENGLAND SOUTH WEST,2021-01-01,2026-09-01,South West
RWH,EAST AND NORTH HERTFORDSHIRE TEACHING NHS TRUST,NHS ENGLAND EAST OF ENGLAND,2021-01-01,2026-09-01,East of England
Y00751,EAST BERKS PRIMARY CARE OOH(WAM),NHS ENGLAND SOUTH EAST,2021-01-01,2025-09-01,South East
RJN,EAST CHESHIRE NHS TRUST,NHS ENGLAND NORTH WEST,2021-01-01,2026-09-01,North West
RVV,EAST KENT HOSPITALS UNIVERSITY NHS FOUNDATION TRUST,NHS ENGLAND SOUTH EAST,2021-01-01,2026-09-01,South East
RXR,EAST LANCASHIRE HOSPITALS NHS TRUST,NHS ENGLAND NORTH WEST,2021-01-01,2026-09-01,North West
NNF94,EAST RIDING COMMUNITY HOSPITAL,NHS ENGLAND NORTH EAST AND YORKSHIRE,2021-01-01,2026-09-01,North East and Yorkshire
RDE,EAST SUFFOLK AND NORTH ESSEX NHS FOUNDATION TRUST,NHS ENGLAND EAST OF ENGLAND,2021-01-01,2026-09-01,East of England
RXC,EAST SUSSEX HEALTHCARE NHS TRUST,NHS ENGLAND SOUTH EAST,2021-01-01,2026-09-01,South East
Y02816,EASTBOURNE STATION HEALTH CENTRE,NHS ENGLAND SOUTH EAST,2021-01-01,2021-08-01,South East
NNJ10,ENDERBY LEISURE CENTRE,NHS ENGLAND MIDLANDS,2026-03-01,2026-09-01,Midlands
RVR,EPSOM AND ST HELIER UNIVERSITY HOSPITALS NHS TRUST,NHS ENGLAND LONDON,2021-01-01,2026-09-01,London
Y03007,ERDINGTON GP HEALTH & WELLBEING WIC,NHS ENGLAND MIDLANDS,2021-01-01,2026-03-01,Midlands
DD401,EXMOUTH MINOR INJURY UNIT,NHS ENGLAND SOUTH WEST,2021-01-01,2023-12-01,South West
AQM01,FAVERSHAM MEDICAL PRACTICE MIU,NHS ENGLAND SOUTH EAST,2025-05-01,2026-09-01,South East
NDJ,FIRST COMMUNITY HEALTH AND CARE CIC,NHS ENGLAND SOUTH EAST,2021-01-01,2026-09-01,South East
RDU,FRIMLEY HEALTH NHS FOUNDATION TRUST,NHS ENGLAND SOUTH EAST,2021-01-01,2026-09-01,South East
NQ106,FRYATT HOSPITAL,NHS ENGLAND EAST OF ENGLAND,2021-01-01,2021-08-01,East of England
RR7,GATESHEAD HEALTH NHS FOUNDATION TRUST,NHS ENGLAND NORTH EAST AND YORKSHIRE,2021-01-01,2026-09-01,North East and Yorkshire
RLT,GEORGE ELIOT HOSPITAL NHS TRUST,NHS ENGLAND MIDLANDS,2021-01-01,2026-09-01,Midlands
RTQ,GLOUCESTERSHIRE HEALTH AND CARE NHS FOUNDATION TRUST,NHS ENGLAND SOUTH WEST,2021-01-01,2026-09-01,South West
RTE,GLOUCESTERSHIRE HOSPITALS NHS FOUNDATION TRUST,NHS ENGLAND SOUTH WEST,2021-01-01,2026-09-01,South West
NNFA7,GOOLE & DISTRICT HOSPITAL,NHS ENGLAND NORTH EAST AND YORKSHIRE,2021-01-01,2026-09-01,North East and Yorkshire
RN3,GREAT WESTERN HOSPITALS NHS FOUNDATION TRUST,NHS ENGLAND SOUTH WEST,2021-01-01,2026-09-01,South West
RJ1,GUY'S AND ST THOMAS' NHS FOUNDATION TRUST,NHS ENGLAND LONDON,2021-01-01,2026-09-01,London
RW1,HAMPSHIRE AND ISLE OF WIGHT HEALTHCARE NHS FOUNDATION TRUST,NHS ENGLAND SOUTH EAST,2021-01-01,2026-09-01,South East
RN5,HAMPSHIRE HOSPITALS NHS FOUNDATION TRUST,NHS ENGLAND SOUTH EAST,2021-01-01,2026-09-01,South East
K6K0R,HAROLD WOOD POLYCLINIC UTC,NHS ENGLAND LONDON,2023-04-01,2026-09-01,London
RCD,HARROGATE AND DISTRICT NHS FOUNDATION TRUST,NHS ENGLAND NORTH EAST AND YORKSHIRE,2021-01-01,2026-09-01,North East and Yorkshire
NDA57,HASLEMERE MINOR INJURIES UNIT,NHS ENGLAND SOUTH EAST,2021-01-01,2023-12-01,South East
NVE43,HASTINGS GP LED HEALTH CENTRE,NHS ENGLAND SOUTH EAST,2025-10-01,2026-09-01,South East
Y03051,HASTINGS MED P & WALKIN,NHS ENGLAND SOUTH EAST,2021-01-01,2022-04-01,South East
DJV01,HERNE BAY HEALTH CARE LTD,NHS ENGLAND SOUTH EAST,2025-07-01,2026-09-01,South East
RY4,HERTFORDSHIRE COMMUNITY NHS TRUST,NHS ENGLAND EAST OF ENGLAND,2021-01-01,2026-09-01,East of England
DT301,HERTS URGENT CARE (ASCOTS LANE),NHS ENGLAND EAST OF ENGLAND,2021-01-01,2026-09-01,East of England
NYM13,HHCIC EAST WIC,NHS ENGLAND LONDON,2021-01-01,2021-01-01,London
RQX,HOMERTON HEALTHCARE NHS FOUNDATION TRUST,NHS ENGLAND LONDON,2021-01-01,2026-09-01,London
RY9,HOUNSLOW AND RICHMOND COMMUNITY HEALTHCARE NHS TRUST,NHS ENGLAND LONDON,2021-01-01,2023-11-01,London
RWA,HULL UNIVERSITY TEACHING HOSPITALS NHS TRUST,NHS ENGLAND NORTH EAST AND YORKSHIRE,2021-01-01,2026-09-01,North East and Yorkshire
RV9,HUMBER TEACHING NHS FOUNDATION TRUST,NHS ENGLAND NORTH EAST AND YORKSHIRE,2021-01-01,2026-09-01,North East and Yorkshire
RYJ,IMPERIAL COLLEGE HEALTHCARE NHS TRUST,NHS ENGLAND LONDON,2021-01-01,2026-09-01,London
R1F,ISLE OF WIGHT NHS TRUST,NHS ENGLAND SOUTH EAST,2021-01-01,2026-09-01,South East
RGP,JAMES PAGET UNIVERSITY HOSPITALS NHS FOUNDATION TRUST,NHS ENGLAND EAST OF ENGLAND,2021-01-01,2026-09-01,East of England
RYY,KENT COMMUNITY HEALTH NHS FOUNDATION TRUST,NHS ENGLAND SOUTH EAST,2021-01-01,2026-09-01,South East
RNQ,KETTERING GENERAL HOSPITAL NHS FOUNDATION TRUST,NHS ENGLAND MIDLANDS,2021-01-01,2026-09-01,Midlands
RJZ,KING'S COLLEGE HOSPITAL NHS FOUNDATION TRUST,NHS ENGLAND LONDON,2021-01-01,2026-09-01,London
RAX,KINGSTON AND RICHMOND NHS FOUNDATION TRUST,NHS ENGLAND LONDON,2021-01-01,2026-09-01,London
RXN,LANCASHIRE TEACHING HOSPITALS NHS FOUNDATION TRUST,NHS ENGLAND NORTH WEST,2021-01-01,2026-09-01,North West
C82038,LATHAM HOUSE MEDICAL PRACTICE,NHS ENGLAND MIDLANDS,2021-01-01,2026-09-01,Midlands
RR8,LEEDS TEACHING HOSPITALS NHS TRUST,NHS ENGLAND NORTH EAST AND YORKSHIRE,2021-01-01,2026-09-01,North East and Yorkshire
RJ2,LEWISHAM AND GREENWICH NHS TRUST,NHS ENGLAND LONDON,2021-01-01,2026-09-01,London
RY5,LINCOLNSHIRE COMMUNITY HEALTH SERVICES NHS TRUST,NHS ENGLAND MIDLANDS,2021-01-01,2026-09-01,Midlands
RBQ,LIVERPOOL HEART AND CHEST HOSPITAL NHS FOUNDATION TRUST,NHS ENGLAND NORTH WEST,2021-01-01,2026-09-01,North West
REM,LIVERPOOL UNIVERSITY HOSPITALS NHS FOUNDATION TRUST,NHS ENGLAND NORTH WEST,2021-01-01,2026-09-01,North West
REP,LIVERPOOL WOMEN'S NHS FOUNDATION TRUST,NHS ENGLAND NORTH WEST,2021-01-01,2026-09-01,North West
NNJ0H,LLR EA - THE MERLYN VAZ HEALTH & SOCIAL CARE CENTRE,NHS ENGLAND MIDLANDS,2021-01-01,2026-09-01,Midlands
ARN03,LOCAL CARE DIRECT,NHS ENGLAND NORTH EAST AND YORKSHIRE,2021-01-01,2026-09-01,North East and Yorkshire
R1K,LONDON NORTH WEST UNIVERSITY HEALTHCARE NHS TRUST,NHS ENGLAND LONDON,2021-01-01,2026-09-01,London
NJS05,LOUGHBOROUGH URGENT CARE CENTRE,NHS ENGLAND MIDLANDS,2021-01-01,2022-04-01,Midlands
NNJ07,LOUGHBOROUGH URGENT CARE CENTRE,NHS ENGLAND MIDLANDS,2022-05-01,2026-09-01,Midlands
NNJ11,LUTTERWORTH HOSPITAL,NHS ENGLAND MIDLANDS,2026-03-01,2026-09-01,Midlands
RWF,MAIDSTONE AND TUNBRIDGE WELLS NHS TRUST,NHS ENGLAND SOUTH EAST,2021-01-01,2026-09-01,South East
R0A,MANCHESTER UNIVERSITY NHS FOUNDATION TRUST,NHS ENGLAND NORTH WEST,2021-01-01,2026-09-01,North West
NNJ12,MARKET HARBOROUGH,NHS ENGLAND MIDLANDS,2021-01-01,2026-09-01,Midlands
C82009,MARKET HARBOROUGH MED.CTR,NHS ENGLAND MIDLANDS,2021-01-01,2026-09-01,Midlands
RPA,MEDWAY NHS FOUNDATION TRUST,NHS ENGLAND SOUTH EAST,2021-01-01,2026-09-01,South East
NNJ13,MELTON MOWBRAY,NHS ENGLAND MIDLANDS,2021-01-01,2026-09-01,Midlands
RBN,MERSEY AND WEST LANCASHIRE TEACHING HOSPITALS NHS TRUST,NHS ENGLAND NORTH WEST,2021-01-01,2026-09-01,North West
RW4,MERSEY CARE NHS FOUNDATION TRUST,NHS ENGLAND NORTH WEST,2021-01-01,2026-09-01,North West
RAJ,MID AND SOUTH ESSEX NHS FOUNDATION TRUST,NHS ENGLAND EAST OF ENGLAND,2021-01-01,2026-09-01,East of England
RBT,MID CHESHIRE HOSPITALS NHS FOUNDATION TRUST,NHS ENGLAND NORTH WEST,2021-01-01,2026-09-01,North West
RXF,MID YORKSHIRE TEACHING NHS TRUST,NHS ENGLAND NORTH EAST AND YORKSHIRE,2021-01-01,2026-09-01,North East and Yorkshire
RD8,MILTON KEYNES UNIVERSITY HOSPITAL NHS FOUNDATION TRUST,NHS ENGLAND EAST OF ENGLAND,2021-01-01,2026-09-01,East of England
Y02532,MIRIAM MINOR EMERGENCY,NHS ENGLAND NORTH WEST,2021-01-01,2026-09-01,North West
RP6,MOORFIELDS EYE HOSPITAL NHS FOUNDATION TRUST,NHS ENGLAND LONDON,2021-01-01,2026-09-01,London
A5D4Q,NEMS CBS (UTC),NHS ENGLAND MIDLANDS,2025-03-01,2025-09-01,Midlands
RM1,NORFOLK AND NORWICH UNIVERSITY HOSPITALS NHS FOUNDATION TRUST,NHS ENGLAND EAST OF ENGLAND,2021-01-01,2026-09-01,East of England
RVJ,NORTH BRISTOL NHS TRUST,NHS ENGLAND SOUTH WEST,2021-01-01,2026-06-01,South West
RWW,NORTH CHESHIRE AND MERSEY NHS FOUNDATION TRUST,NHS ENGLAND NORTH WEST,2021-01-01,2026-09-01,North West
RNN,NORTH CUMBRIA INTEGRATED CARE NHS FOUNDATION TRUST,NHS ENGLAND NORTH EAST AND YORKSHIRE,2021-01-01,2026-09-01,North East and Yorkshire
RAT,NORTH EAST LONDON NHS FOUNDATION TRUST,NHS ENGLAND LONDON,2021-01-01,2026-09-01,London
RAP,NORTH MIDDLESEX UNIVERSITY HOSPITAL NHS TRUST,NHS ENGLAND LONDON,2021-01-01,2024-12-01,London
RVW,NORTH TEES AND HARTLEPOOL NHS FOUNDATION TRUST,NHS ENGLAND NORTH EAST AND YORKSHIRE,2021-01-01,2026-09-01,North East and Yorkshire
RGN,NORTH WEST ANGLIA NHS FOUNDATION TRUST,NHS ENGLAND EAST OF ENGLAND,2021-01-01,2026-09-01,East of England
RTV,NORTH WEST BOROUGHS HEALTHCARE NHS FOUNDATION TRUST,NHS ENGLAND NORTH WEST,2021-01-01,2021-05-01,North West
RNS,NORTHAMPTON GENERAL HOSPITAL NHS TRUST,NHS ENGLAND MIDLANDS,2021-01-01,2026-09-01,Midlands
RM3,NORTHERN CARE ALLIANCE NHS FOUNDATION TRUST,NHS ENGLAND NORTH WEST,2021-01-01,2026-09-01,North West
RBZ,NORTHERN DEVON HEALTHCARE NHS TRUST,NHS ENGLAND SOUTH WEST,2021-01-01,2022-03-01,South West
RJL,NORTHERN LINCOLNSHIRE AND GOOLE NHS FOUNDATION TRUST,NHS ENGLAND NORTH EAST AND YORKSHIRE,2021-01-01,2026-09-01,North East and Yorkshire
RTF,NORTHUMBRIA HEALTHCARE NHS FOUNDATION TRUST,NHS ENGLAND NORTH EAST AND YORKSHIRE,2021-01-01,2026-09-01,North East and Yorkshire
NR3,NOTTINGHAM CITYCARE PARTNERSHIP,NHS ENGLAND MIDLANDS,2021-01-01,2025-09-01,Midlands
RX1,NOTTINGHAM UNIVERSITY HOSPITALS NHS TRUST,NHS ENGLAND MIDLANDS,2021-01-01,2026-09-01,Midlands
NNJ14,OADBY,NHS ENGLAND MIDLANDS,2021-01-01,2026-09-01,Midlands
C82010,OAKHAM MEDICAL PRACTICE,NHS ENGLAND MIDLANDS,2021-01-01,2022-12-01,Midlands
L83087,OKEHAMPTON MEDICAL CENTRE,NHS ENGLAND SOUTH WEST,2021-01-01,2026-09-01,South West
RNU,OXFORD HEALTH NHS FOUNDATION TRUST,NHS ENGLAND SOUTH EAST,2021-01-01,2026-09-01,South East
RTH,OXFORD UNIVERSITY HOSPITALS NHS FOUNDATION TRUST,NHS ENGLAND SOUTH EAST,2021-01-01,2026-09-01,South East
NQT5H,PAULTON MEMORIAL HOSPITAL,NHS ENGLAND SOUTH WEST,2021-01-01,2026-09-01,South West
RW6,PENNINE ACUTE HOSPITALS NHS TRUST,NHS ENGLAND NORTH WEST,2021-01-01,2021-09-01,North West
AQN04,PHL LYMINGTON UTC,NHS ENGLAND SOUTH EAST,2021-01-01,2026-09-01,South East
RHU,PORTSMOUTH HOSPITALS UNIVERSITY NHS TRUST,NHS ENGLAND SOUTH EAST,2021-01-01,2026-09-01,South East
NTP11,PRACTICE PLUS GROUP HOSPITAL - SOUTHAMPTON,NHS ENGLAND SOUTH EAST,2021-01-01,2026-09-01,South East
NTPAD,PRACTICE PLUS GROUP SURGICAL CENTRE - ST MARYS PORTSMOUTH,NHS ENGLAND SOUTH EAST,2021-01-01,2026-09-01,South East
Y02428,PUTNOE WALK IN CENTRE,NHS ENGLAND EAST OF ENGLAND,2021-01-01,2026-09-01,East of England
RPC,QUEEN VICTORIA HOSPITAL NHS FOUNDATION TRUST,NHS ENGLAND SOUTH EAST,2021-01-01,2026-09-01,South East
Y07709,READING URGENT CARE CENTRE,NHS ENGLAND SOUTH EAST,2024-03-01,2025-06-01,South East
AC008,ROSSENDALE MINOR INJURIES UNIT,NHS ENGLAND NORTH WEST,2021-01-01,2022-04-01,North West
NV693,ROSSENDALE MIU & OOH,NHS ENGLAND NORTH WEST,2022-05-01,2026-09-01,North West
RHW,ROYAL BERKSHIRE NHS FOUNDATION TRUST,NHS ENGLAND SOUTH EAST,2021-01-01,2026-09-01,South East
RT3,ROYAL BROMPTON & HAREFIELD NHS FOUNDATION TRUST,NHS ENGLAND LONDON,2021-01-01,2021-01-01,London
REF,ROYAL CORNWALL HOSPITALS NHS TRUST,NHS ENGLAND SOUTH WEST,2021-01-01,2026-09-01,South West
RH8,ROYAL DEVON UNIVERSITY HEALTHCARE NHS FOUNDATION TRUST,NHS ENGLAND SOUTH WEST,2021-01-01,2026-09-01,South West
RAL,ROYAL FREE LONDON NHS FOUNDATION TRUST,NHS ENGLAND LONDON,2021-01-01,2026-09-01,London
RAN,ROYAL NATIONAL ORTHOPAEDIC HOSPITAL NHS TRUST,NHS ENGLAND LONDON,2021-01-01,2026-09-01,London
RA2,ROYAL SURREY NHS FOUNDATION TRUST,NHS ENGLAND SOUTH EAST,2021-01-01,2026-09-01,South East
RD1,ROYAL UNITED HOSPITALS BATH NHS FOUNDATION TRUST,NHS ENGLAND SOUTH WEST,2021-01-01,2026-09-01,South West
NNJ15,RUTLAND MINOR ILLNESS AND INJURY SERVICE (FORMERLY WLHH PRE-APRIL 2026),NHS ENGLAND MIDLANDS,2021-01-01,2026-09-01,Midlands
RNZ,SALISBURY NHS FOUNDATION TRUST,NHS ENGLAND SOUTH WEST,2021-01-01,2026-09-01,South West
RXK,SANDWELL AND WEST BIRMINGHAM HOSPITALS NHS TRUST,NHS ENGLAND MIDLANDS,2021-01-01,2026-09-01,Midlands
RCU,SHEFFIELD CHILDREN'S NHS FOUNDATION TRUST,NHS ENGLAND NORTH EAST AND YORKSHIRE,2021-01-01,2026-09-01,North East and Yorkshire
RHQ,SHEFFIELD TEACHING HOSPITALS NHS FOUNDATION TRUST,NHS ENGLAND NORTH EAST AND YORKSHIRE,2021-01-01,2026-09-01,North East and Yorkshire
RK5,SHERWOOD FOREST HOSPITALS NHS FOUNDATION TRUST,NHS ENGLAND MIDLANDS,2021-01-01,2026-09-01,Midlands
R1D,SHROPSHIRE COMMUNITY HEALTH NHS TRUST,NHS ENGLAND MIDLANDS,2021-01-01,2026-09-01,Midlands
NLX,SIRONA CARE & HEALTH,NHS ENGLAND SOUTH WEST,2021-01-01,2026-09-01,South West
NQT5F,SKELMERSDALE WALK IN CENTRE,NHS ENGLAND NORTH WEST,2021-01-01,2026-09-01,North West
C83023,SLEAFORD MEDICAL GROUP,NHS ENGLAND MIDLANDS,2021-01-01,2026-09-01,Midlands
RH5,SOMERSET NHS FOUNDATION TRUST,NHS ENGLAND SOUTH WEST,2021-01-01,2026-09-01,South West
Y02615,SOUTH BIRMINGHAM GP WALK IN CENTRE,NHS ENGLAND MIDLANDS,2021-01-01,2026-03-01,Midlands
RTR,SOUTH TEES HOSPITALS NHS FOUNDATION TRUST,NHS ENGLAND NORTH EAST AND YORKSHIRE,2021-01-01,2026-09-01,North East and Yorkshire
R0B,SOUTH TYNESIDE AND SUNDERLAND NHS FOUNDATION TRUST,NHS ENGLAND NORTH EAST AND YORKSHIRE,2021-01-01,2026-09-01,North East and Yorkshire
RJC,SOUTH WARWICKSHIRE UNIVERSITY NHS FOUNDATION TRUST,NHS ENGLAND MIDLANDS,2021-01-01,2026-09-01,Midlands
RXG,SOUTH WEST YORKSHIRE PARTNERSHIP TEACHING NHS FOUNDATION TRUST,NHS ENGLAND NORTH EAST AND YORKSHIRE,2021-01-01,2026-09-01,North East and Yorkshire
RYF,SOUTH WESTERN AMBULANCE SERVICE NHS FOUNDATION TRUST,NHS ENGLAND SOUTH WEST,2021-01-01,2026-09-01,South West
RVY,SOUTHPORT AND ORMSKIRK HOSPITAL NHS TRUST,NHS ENGLAND NORTH WEST,2021-01-01,2023-06-01,North West
RJ7,ST GEORGE'S UNIVERSITY HOSPITALS NHS FOUNDATION TRUST,NHS ENGLAND LONDON,2021-01-01,2026-09-01,London
ARN02,ST.GEORGE'S CENTRE,NHS ENGLAND NORTH EAST AND YORKSHIRE,2021-01-01,2021-03-01,North East and Yorkshire
NQT51,STATION PLAZA HEALTH CENTRE,NHS ENGLAND SOUTH EAST,2022-05-01,2025-09-01,South East
RWJ,STOCKPORT NHS FOUNDATION TRUST,NHS ENGLAND NORTH WEST,2021-01-01,2026-09-01,North West
Y02961,SUMMERFIELD GP SURG & URGENT CARE CENTRE,NHS ENGLAND MIDLANDS,2021-01-01,2021-04-01,Midlands
NQTE4,SUMMERFIELD URGENT CARE CENTRE,NHS ENGLAND MIDLANDS,2021-05-01,2026-03-01,Midlands
RTP,SURREY AND SUSSEX HEALTHCARE NHS TRUST,NHS ENGLAND SOUTH EAST,2021-01-01,2026-09-01,South East
RDR,SUSSEX COMMUNITY NHS FOUNDATION TRUST,NHS ENGLAND SOUTH EAST,2021-01-01,2026-09-01,South East
RMP,TAMESIDE AND GLOSSOP INTEGRATED CARE NHS FOUNDATION TRUST,NHS ENGLAND NORTH WEST,2021-01-01,2026-09-01,North West
AAH,TETBURY HOSPITAL TRUST LTD,NHS ENGLAND SOUTH WEST,2021-01-01,2026-09-01,South West
RBV,THE CHRISTIE NHS FOUNDATION TRUST,NHS ENGLAND NORTH WEST,2021-01-01,2026-09-01,North West
RNA,THE DUDLEY GROUP NHS FOUNDATION TRUST,NHS ENGLAND MIDLANDS,2021-01-01,2026-09-01,Midlands
RAS,THE HILLINGDON HOSPITALS NHS FOUNDATION TRUST,NHS ENGLAND LONDON,2021-01-01,2026-09-01,London
RTD,THE NEWCASTLE UPON TYNE HOSPITALS NHS FOUNDATION TRUST,NHS ENGLAND NORTH EAST AND YORKSHIRE,2021-01-01,2026-09-01,North East and Yorkshire
Y03218,THE PINN UNREGISTERED WIC,NHS ENGLAND LONDON,2021-01-01,2026-03-01,London
RQW,THE PRINCESS ALEXANDRA HOSPITAL NHS TRUST,NHS ENGLAND EAST OF ENGLAND,2021-01-01,2026-09-01,East of England
RCX,"THE QUEEN ELIZABETH HOSPITAL, KING'S LYNN, NHS FOUNDATION TRUST",NHS ENGLAND EAST OF ENGLAND,2021-01-01,2026-09-01,East of England
RL1,THE ROBERT JONES AND AGNES HUNT ORTHOPAEDIC HOSPITAL NHS FOUNDATION TRUST,NHS ENGLAND MIDLANDS,2021-01-01,2026-09-01,Midlands
RFR,THE ROTHERHAM NHS FOUNDATION TRUST,NHS ENGLAND NORTH EAST AND YORKSHIRE,2021-01-01,2026-09-01,North East and Yorkshire
RL4,THE ROYAL WOLVERHAMPTON NHS TRUST,NHS ENGLAND MIDLANDS,2021-01-01,2026-09-01,Midlands
RXW,THE SHREWSBURY AND TELFORD HOSPITAL NHS TRUST,NHS ENGLAND MIDLANDS,2021-01-01,2026-09-01,Midlands
RET,THE WALTON CENTRE NHS FOUNDATION TRUST,NHS ENGLAND NORTH WEST,2021-01-01,2026-09-01,North West
NNF76,THE WILBERFORCE HEALTH CENTRE,NHS ENGLAND NORTH EAST AND YORKSHIRE,2021-01-01,2024-02-01,North East and Yorkshire
RA9,TORBAY AND SOUTH DEVON NHS FOUNDATION TRUST,NHS ENGLAND SOUTH WEST,2021-01-01,2026-09-01,South West
G3P9C,TROWBRIDGE MINOR INJURIES UNIT,NHS ENGLAND SOUTH WEST,2025-05-01,2026-09-01,South West
RWD,UNITED LINCOLNSHIRE TEACHING HOSPITALS NHS TRUST,NHS ENGLAND MIDLANDS,2021-01-01,2026-09-01,Midlands
RRV,UNIVERSITY COLLEGE LONDON HOSPITALS NHS FOUNDATION TRUST,NHS ENGLAND LONDON,2021-01-01,2026-09-01,London
RHM,UNIVERSITY HOSPITAL SOUTHAMPTON NHS FOUNDATION TRUST,NHS ENGLAND SOUTH EAST,2021-01-01,2026-09-01,South East
RRK,UNIVERSITY HOSPITALS BIRMINGHAM NHS FOUNDATION TRUST,NHS ENGLAND MIDLANDS,2021-01-01,2026-09-01,Midlands
RKB,UNIVERSITY HOSPITALS COVENTRY AND WARWICKSHIRE NHS TRUST,NHS ENGLAND MIDLANDS,2021-01-01,2026-09-01,Midlands
R0D,UNIVERSITY HOSPITALS DORSET NHS FOUNDATION TRUST,NHS ENGLAND SOUTH WEST,2021-01-01,2026-09-01,South West
RTG,UNIVERSITY HOSPITALS OF DERBY AND BURTON NHS FOUNDATION TRUST,NHS ENGLAND MIDLANDS,2021-01-01,2026-09-01,Midlands
RWE,UNIVERSITY HOSPITALS OF LEICESTER NHS TRUST,NHS ENGLAND MIDLANDS,2021-01-01,2026-09-01,Midlands
RTX,UNIVERSITY HOSPITALS OF MORECAMBE BAY NHS FOUNDATION TRUST,NHS ENGLAND NORTH WEST,2021-01-01,2026-09-01,North West
RJE,UNIVERSITY HOSPITALS OF NORTH MIDLANDS NHS TRUST,NHS ENGLAND MIDLANDS,2021-01-01,2026-09-01,Midlands
RK9,UNIVERSITY HOSPITALS PLYMOUTH NHS TRUST,NHS ENGLAND SOUTH WEST,2021-01-01,2026-09-01,South West
RYR,UNIVERSITY HOSPITALS SUSSEX NHS FOUNDATION TRUST,NHS ENGLAND SOUTH EAST,2021-01-01,2026-09-01,South East
Y02147,URGENT CARE CENTRE (QMS),NHS ENGLAND LONDON,2021-01-01,2025-09-01,London
RBK,WALSALL HEALTHCARE NHS TRUST,NHS ENGLAND MIDLANDS,2021-01-01,2026-09-01,Midlands
RWG,WEST HERTFORDSHIRE TEACHING HOSPITALS NHS TRUST,NHS ENGLAND EAST OF ENGLAND,2021-01-01,2026-09-01,East of England
RGR,WEST SUFFOLK NHS FOUNDATION TRUST,NHS ENGLAND EAST OF ENGLAND,2021-01-01,2026-09-01,East of England
G82071,WHITSTABLE MEDICAL PRACTICE,NHS ENGLAND SOUTH EAST,2021-01-01,2022-05-01,South East
ACH01,WHITSTABLE MEDICAL PRACTICE,NHS ENGLAND SOUTH EAST,2022-06-01,2026-09-01,South East
RKE,WHITTINGTON HEALTH NHS TRUST,NHS ENGLAND LONDON,2021-01-01,2026-09-01,London
AXG,WILTSHIRE HEALTH & CARE,NHS ENGLAND SOUTH WEST,2021-01-01,2025-02-01,South West
RY7,WIRRAL COMMUNITY HEALTH AND CARE NHS FOUNDATION TRUST,NHS ENGLAND NORTH WEST,2021-01-01,2026-09-01,North West
RBL,WIRRAL UNIVERSITY TEACHING HOSPITAL NHS FOUNDATION TRUST,NHS ENGLAND NORTH WEST,2021-01-01,2026-09-01,North West
NTV0W,WOKING WALK IN CENTRE,NHS ENGLAND SOUTH EAST,2021-01-01,2026-09-01,South East
RWP,WORCESTERSHIRE ACUTE HOSPITALS NHS TRUST,NHS ENGLAND MIDLANDS,2021-01-01,2026-09-01,Midlands
AJN,WORKINGTON HEALTH LIMITED,NHS ENGLAND NORTH EAST AND YORKSHIRE,2021-01-01,2026-09-01,North East and Yorkshire
RRF,"WRIGHTINGTON, WIGAN AND LEIGH TEACHING HOSPITALS NHS FOUNDATION TRUST",NHS ENGLAND NORTH WEST,2021-01-01,2026-09-01,North West
RLQ,WYE VALLEY NHS TRUST,NHS ENGLAND MIDLANDS,2021-01-01,2026-09-01,Midlands
RA4,YEOVIL DISTRICT HOSPITAL NHS FOUNDATION TRUST,NHS ENGLAND SOUTH WEST,2021-01-01,2023-03-01,South West
RCB,YORK AND SCARBOROUGH TEACHING HOSPITALS NHS FOUNDATION TRUST,NHS ENGLAND NORTH EAST AND YORKSHIRE,2021-01-01,2026-09-01,North East and Yorkshire
