period,year,month_num,month_name,month_short,month_label,year_month_sort,quarter,nhs_fy,nhs_fy_month,season
2021-01-01,2021,1,January,Jan,Jan 2021,202101,Q1,2020-21,10,Winter
2021-02-01,2021,2,February,Feb,Feb 2021,202102,Q1,2020-21,11,Winter
2021-03-01,2021,3,March,Mar,Mar 2021,202103,Q1,2020-21,12,Spring
2021-04-01,2021,4,April,Apr,Apr 2021,202104,Q2,2021-22,1,Spring
2021-05-01,2021,5,May,May,May 2021,202105,Q2,2021-22,2,Spring
2021-06-01,2021,6,June,Jun,Jun 2021,202106,Q2,2021-22,3,Summer
2021-07-01,2021,7,July,Jul,Jul 2021,202107,Q3,2021-22,4,Summer
2021-08-01,2021,8,August,Aug,Aug 2021,202108,Q3,2021-22,5,Summer
2021-09-01,2021,9,September,Sep,Sep 2021,202109,Q3,2021-22,6,Autumn
2021-10-01,2021,10,October,Oct,Oct 2021,202110,Q4,2021-22,7,Autumn
2021-11-01,2021,11,November,Nov,Nov 2021,202111,Q4,2021-22,8,Autumn
2021-12-01,2021,12,December,Dec,Dec 2021,202112,Q4,2021-22,9,Winter
2022-01-01,2022,1,January,Jan,Jan 2022,202201,Q1,2021-22,10,Winter
2022-02-01,2022,2,February,Feb,Feb 2022,202202,Q1,2021-22,11,Winter
2022-03-01,2022,3,March,Mar,Mar 2022,202203,Q1,2021-22,12,Spring
2022-04-01,2022,4,April,Apr,Apr 2022,202204,Q2,2022-23,1,Spring
2022-05-01,2022,5,May,May,May 2022,202205,Q2,2022-23,2,Spring
2022-06-01,2022,6,June,Jun,Jun 2022,202206,Q2,2022-23,3,Summer
2022-07-01,2022,7,July,Jul,Jul 2022,202207,Q3,2022-23,4,Summer
2022-08-01,2022,8,August,Aug,Aug 2022,202208,Q3,2022-23,5,Summer
2022-09-01,2022,9,September,Sep,Sep 2022,202209,Q3,2022-23,6,Autumn
2022-10-01,2022,10,October,Oct,Oct 2022,202210,Q4,2022-23,7,Autumn
2022-11-01,2022,11,November,Nov,Nov 2022,202211,Q4,2022-23,8,Autumn
2022-12-01,2022,12,December,Dec,Dec 2022,202212,Q4,2022-23,9,Winter
2023-01-01,2023,1,January,Jan,Jan 2023,202301,Q1,2022-23,10,Winter
2023-02-01,2023,2,February,Feb,Feb 2023,202302,Q1,2022-23,11,Winter
2023-03-01,2023,3,March,Mar,Mar 2023,202303,Q1,2022-23,12,Spring
2023-04-01,2023,4,April,Apr,Apr 2023,202304,Q2,2023-24,1,Spring
2023-05-01,2023,5,May,May,May 2023,202305,Q2,2023-24,2,Spring
2023-06-01,2023,6,June,Jun,Jun 2023,202306,Q2,2023-24,3,Summer
2023-07-01,2023,7,July,Jul,Jul 2023,202307,Q3,2023-24,4,Summer
2023-08-01,2023,8,August,Aug,Aug 2023,202308,Q3,2023-24,5,Summer
2023-09-01,2023,9,September,Sep,Sep 2023,202309,Q3,2023-24,6,Autumn
2023-10-01,2023,10,October,Oct,Oct 2023,202310,Q4,2023-24,7,Autumn
2023-11-01,2023,11,November,Nov,Nov 2023,202311,Q4,2023-24,8,Autumn
2023-12-01,2023,12,December,Dec,Dec 2023,202312,Q4,2023-24,9,Winter
2024-01-01,2024,1,January,Jan,Jan 2024,202401,Q1,2023-24,10,Winter
2024-02-01,2024,2,February,Feb,Feb 2024,202402,Q1,2023-24,11,Winter
2024-03-01,2024,3,March,Mar,Mar 2024,202403,Q1,2023-24,12,Spring
2024-04-01,2024,4,April,Apr,Apr 2024,202404,Q2,2024-25,1,Spring
2024-05-01,2024,5,May,May,May 2024,202405,Q2,2024-25,2,Spring
2024-06-01,2024,6,June,Jun,Jun 2024,202406,Q2,2024-25,3,Summer
2024-07-01,2024,7,July,Jul,Jul 2024,202407,Q3,2024-25,4,Summer
2024-08-01,2024,8,August,Aug,Aug 2024,202408,Q3,2024-25,5,Summer
2024-09-01,2024,9,September,Sep,Sep 2024,202409,Q3,2024-25,6,Autumn
2024-10-01,2024,10,October,Oct,Oct 2024,202410,Q4,2024-25,7,Autumn
2024-11-01,2024,11,November,Nov,Nov 2024,202411,Q4,2024-25,8,Autumn
2024-12-01,2024,12,December,Dec,Dec 2024,202412,Q4,2024-25,9,Winter
2025-01-01,2025,1,January,Jan,Jan 2025,202501,Q1,2024-25,10,Winter
2025-02-01,2025,2,February,Feb,Feb 2025,202502,Q1,2024-25,11,Winter
2025-03-01,2025,3,March,Mar,Mar 2025,202503,Q1,2024-25,12,Spring
2025-04-01,2025,4,April,Apr,Apr 2025,202504,Q2,2025-26,1,Spring
2025-05-01,2025,5,May,May,May 2025,202505,Q2,2025-26,2,Spring
2025-06-01,2025,6,June,Jun,Jun 2025,202506,Q2,2025-26,3,Summer
2025-07-01,2025,7,July,Jul,Jul 2025,202507,Q3,2025-26,4,Summer
2025-08-01,2025,8,August,Aug,Aug 2025,202508,Q3,2025-26,5,Summer
2025-09-01,2025,9,September,Sep,Sep 2025,202509,Q3,2025-26,6,Autumn
2025-10-01,2025,10,October,Oct,Oct 2025,202510,Q4,2025-26,7,Autumn
2025-11-01,2025,11,November,Nov,Nov 2025,202511,Q4,2025-26,8,Autumn
2025-12-01,2025,12,December,Dec,Dec 2025,202512,Q4,2025-26,9,Winter
2026-01-01,2026,1,January,Jan,Jan 2026,202601,Q1,2025-26,10,Winter
2026-02-01,2026,2,February,Feb,Feb 2026,202602,Q1,2025-26,11,Winter
2026-03-01,2026,3,March,Mar,Mar 2026,202603,Q1,2025-26,12,Spring
2026-04-01,2026,4,April,Apr,Apr 2026,202604,Q2,2026-27,1,Spring
2026-05-01,2026,5,May,May,May 2026,202605,Q2,2026-27,2,Spring
2026-06-01,2026,6,June,Jun,Jun 2026,202606,Q2,2026-27,3,Summer
2026-07-01,2026,7,July,Jul,Jul 2026,202607,Q3,2026-27,4,Summer
2026-08-01,2026,8,August,Aug,Aug 2026,202608,Q3,2026-27,5,Summer
2026-09-01,2026,9,September,Sep,Sep 2026,202609,Q3,2026-27,6,Autumn
